#queryIndex	queryItem	stringId	preferredName	annotation
1	ENSG00000188107	9606.ENSP00000359655	EYS	Protein eyes shut homolog; Required to maintain the integrity of photoreceptor cells. Specifically required for normal morphology of the photoreceptor ciliary pocket, and might thus facilitate protein trafficking between the photoreceptor inner and outer segments via the transition zone (By similarity); Belongs to the EYS family.
2	ENSG00000196782	9606.ENSP00000421180	MAML3	Mastermind-like protein 3; Acts as a transcriptional coactivator for NOTCH proteins. Has been shown to amplify NOTCH-induced transcription of HES1. Belongs to the mastermind family.
4	ENSG00000105887	9606.ENSP00000376800	MTPN	Myotrophin; Promotes dimerization of NF-kappa-B subunits and regulates NF-kappa-B transcription factor activity (By similarity). Plays a role in the regulation of the growth of actin filaments. Inhibits the activity of the F-actin-capping protein complex formed by the CAPZA1 and CAPZB heterodimer. Promotes growth of cardiomyocytes, but not cardiomyocyte proliferation. Promotes cardiac muscle hypertrophy. Belongs to the myotrophin family.
5	ENSG00000105993	9606.ENSP00000262177	DNAJB6	DnaJ homolog subfamily B member 6; Plays an indispensable role in the organization of KRT8/KRT18 filaments. Acts as an endogenous molecular chaperone for neuronal proteins including huntingtin. Suppresses aggregation and toxicity of polyglutamine-containing, aggregation-prone proteins. Isoform B but not isoform A inhibits huntingtin aggregation. Has a stimulatory effect on the ATPase activity of HSP70 in a dose-dependent and time-dependent manner and hence acts as a co-chaperone of HSP70. Also reduces cellular toxicity and caspase-3 activity.
6	ENSG00000147408	9606.ENSP00000411816	CSGALNACT1	Chondroitin sulfate N-acetylgalactosaminyltransferase 1; Transfers 1,4-N-acetylgalactosamine (GalNAc) from UDP-GalNAc to the non-reducing end of glucuronic acid (GlcUA). Required for addition of the first GalNAc to the core tetrasaccharide linker and for elongation of chondroitin chains. Important role in chondroitin chain biosynthesis in cartilage formation and subsequent endochondral ossification. Moreover, is involved in the metabolism of aggrecan (By similarity).
7	ENSG00000204257	9606.ENSP00000363976	HLA-DMA	HLA class II histocompatibility antigen, DM alpha chain; Plays a critical role in catalyzing the release of class II- associated invariant chain peptide (CLIP) from newly synthesized MHC class II molecules and freeing the peptide binding site for acquisition of antigenic peptides. In B-cells, the interaction between HLA-DM and MHC class II molecules is regulated by HLA-DO.
8	ENSG00000102575	9606.ENSP00000218758	ACP5	Tartrate-resistant acid phosphatase type 5; Involved in osteopontin/bone sialoprotein dephosphorylation. Its expression seems to increase in certain pathological states such as Gaucher and Hodgkin diseases, the hairy cell, the B-cell, and the T- cell leukemias; Belongs to the metallophosphoesterase superfamily. Purple acid phosphatase family.
9	ENSG00000036257	9606.ENSP00000264414	CUL3	Cullin-3; Core component of multiple cullin-RING-based BCR (BTB-CUL3- RBX1) E3 ubiquitin-protein ligase complexes which mediate the ubiquitination and subsequent proteasomal degradation of target proteins. BCR complexes and ARIH1 collaborate in tandem to mediate ubiquitination of target proteins. As a scaffold protein may contribute to catalysis through positioning of the substrate and the ubiquitin-conjugating enzyme. The E3 ubiquitin- protein ligase activity of the complex is dependent on the neddylation of the cullin subunit and is inhibited by the association of the deneddylated cu [...] 
10	ENSG00000181045	9606.ENSP00000355384	SLC26A11	Sodium-independent sulfate anion transporter; Exhibits sodium-independent sulfate anion transporter activity that may cooperate with SLC26A2 to mediate DIDS-sensitive sulfate uptake into high endothelial venules endothelial cells (HEVEC).
12	ENSG00000179133	9606.ENSP00000501139	C10orf67	Uncharacterized protein C10orf67, mitochondrial; Chromosome 10 open reading frame 67.
13	ENSG00000154734	9606.ENSP00000284984	ADAMTS1	A disintegrin and metalloproteinase with thrombospondin motifs 1; Cleaves aggrecan, a cartilage proteoglycan, at the '1938- Glu-|-Leu-1939' site (within the chondroitin sulfate attachment domain), and may be involved in its turnover (By similarity). Has angiogenic inhibitor activity. Active metalloprotease, which may be associated with various inflammatory processes as well as development of cancer cachexia. May play a critical role in follicular rupture.
14	ENSG00000165678	9606.ENSP00000361207	GHITM	Growth hormone-inducible transmembrane protein; Required for the mitochondrial tubular network and cristae organization. Involved in apoptotic release of cytochrome c.
15	ENSG00000106399	9606.ENSP00000223129	RPA3	Replication protein A 14 kDa subunit; As part of the heterotrimeric replication protein A complex (RPA/RP-A), binds and stabilizes single-stranded DNA intermediates that form during DNA replication or upon DNA stress. It prevents their reannealing and in parallel, recruits and activates different proteins and complexes involved in DNA metabolism. Thereby, it plays an essential role both in DNA replication and the cellular response to DNA damage. In the cellular response to DNA damage, the RPA complex controls DNA repair and DNA damage checkpoint activation. Through recruitment of ATRIP [...] 
16	ENSG00000219073	9606.ENSP00000338369	CELA3B	Chymotrypsin-like elastase family member 3B; Efficient protease with alanine specificity but only little elastolytic activity.
17	ENSG00000170605	9606.ENSP00000307598	OR9K2	Olfactory receptor 9K2; Odorant receptor; Belongs to the G-protein coupled receptor 1 family.
18	ENSG00000115457	9606.ENSP00000233809	IGFBP2	Insulin-like growth factor-binding protein 2; Inhibits IGF-mediated growth and developmental rates. IGF- binding proteins prolong the half-life of the IGFs and have been shown to either inhibit or stimulate the growth promoting effects of the IGFs on cell culture. They alter the interaction of IGFs with their cell surface receptors.
19	ENSG00000197706	9606.ENSP00000342836	OR6C74	Olfactory receptor 6C74; Odorant receptor; Belongs to the G-protein coupled receptor 1 family.
20	ENSG00000144043	9606.ENSP00000272438	TEX261	Protein TEX261; Testis expressed 261.
21	ENSG00000119953	9606.ENSP00000358616	SMNDC1	Survival of motor neuron-related-splicing factor 30; Necessary for spliceosome assembly. Overexpression causes apoptosis; Belongs to the SMN family.
22	ENSG00000124374	9606.ENSP00000244221	PAIP2B	Polyadenylate-binding protein-interacting protein 2B; Inhibits translation of capped and polyadenylated mRNAs by displacing PABPC1 from the poly(A) tail; Belongs to the PAIP2 family.
23	ENSG00000219545	9606.ENSP00000489648	UMAD1	UBAP1-MVB12-associated domain containing 1.
24	ENSG00000124275	9606.ENSP00000402510	MTRR	Methionine synthase reductase; Involved in the reductive regeneration of cob(I)alamin (vitamin B12) cofactor required for the maintenance of methionine synthase in a functional state. Necessary for utilization of methylgroups from the folate cycle, thereby affecting transgenerational epigenetic inheritance. Folate pathway donates methyl groups necessary for cellular methylation and affects different pathways such as DNA methylation, possibly explaining the transgenerational epigenetic inheritance effects.
26	ENSG00000186010	9606.ENSP00000423673	NDUFA13	NADH dehydrogenase [ubiquinone] 1 alpha subcomplex subunit 13; Accessory subunit of the mitochondrial membrane respiratory chain NADH dehydrogenase (Complex I), that is believed not to be involved in catalysis. Complex I functions in the transfer of electrons from NADH to the respiratory chain. The immediate electron acceptor for the enzyme is believed to be ubiquinone. Involved in the interferon/all-trans-retinoic acid (IFN/RA) induced cell death. This apoptotic activity is inhibited by interaction with viral IRF1. Prevents the transactivation of STAT3 target genes. May play a role in [...] 
27	ENSG00000258674	9606.ENSP00000452549	E7ENQ6_HUMAN	YjeF N-terminal domain-containing protein.
28	ENSG00000172939	9606.ENSP00000311713	OXSR1	Serine/threonine-protein kinase OSR1; Phosphorylates RELL1, RELL2 and RELT. Phosphorylates PAK1. Phosphorylates PLSCR1 in the presence of RELT. Belongs to the protein kinase superfamily. STE Ser/Thr protein kinase family. STE20 subfamily.
29	ENSG00000250067	9606.ENSP00000426964	YJEFN3	YjeF N-terminal domain-containing protein 3; May play a role in spermiogenesis and oogenesis.
30	ENSG00000091536	9606.ENSP00000495481	MYO15A	Unconventional myosin-XV; Myosins are actin-based motor molecules with ATPase activity. Unconventional myosins serve in intracellular movements. Their highly divergent tails are presumed to bind to membranous compartments, which would be moved relative to actin filaments. Required for the arrangement of stereocilia in mature hair bundles (By similarity). Belongs to the TRAFAC class myosin-kinesin ATPase superfamily. Myosin family.
31	ENSG00000196517	9606.ENSP00000353791	SLC6A9	Sodium- and chloride-dependent glycine transporter 1; Terminates the action of glycine by its high affinity sodium- dependent reuptake into presynaptic terminals. May play a role in regulation of glycine levels in NMDA receptor-mediated neurotransmission.
32	ENSG00000169398	9606.ENSP00000341189	PTK2	Focal adhesion kinase 1; Non-receptor protein-tyrosine kinase that plays an essential role in regulating cell migration, adhesion, spreading, reorganization of the actin cytoskeleton, formation and disassembly of focal adhesions and cell protrusions, cell cycle progression, cell proliferation and apoptosis. Required for early embryonic development and placenta development. Required for embryonic angiogenesis, normal cardiomyocyte migration and proliferation, and normal heart development. Regulates axon growth and neuronal cell migration, axon branching and synapse formation; required f [...] 
33	ENSG00000135905	9606.ENSP00000493664	DOCK10	Dedicator of cytokinesis protein 10; Guanine nucleotide-exchange factor (GEF) that activates CDC42 and RAC1 by exchanging bound GDP for free GTP. Essential for dendritic spine morphogenesis in Purkinje cells and in hippocampal neurons, via a CDC42-mediated pathway. Sustains B-cell lymphopoiesis in secondary lymphoid tissues and regulates FCER2/CD23 expression. Belongs to the DOCK family.
34	ENSG00000118997	9606.ENSP00000311273	DNAH7	Dynein heavy chain 7, axonemal; Force generating protein of respiratory cilia. Produces force towards the minus ends of microtubules. Dynein has ATPase activity; the force-producing power stroke is thought to occur on release of ADP (By similarity).
35	ENSG00000124279	9606.ENSP00000264669	FASTKD3	FAST kinase domain-containing protein 3, mitochondrial; Required for normal mitochondrial respiration. Increases steady-state levels and half-lives of a subset of mature mitochondrial mRNAs MT-ND2, MT-ND3, MT-CYTB, MT-CO2, and MT-ATP8/6. Promotes MT-CO1 mRNA translation and increases mitochondrial complex IV assembly and activity.
36	ENSG00000123415	9606.ENSP00000424191	SMUG1	Single-strand selective monofunctional uracil DNA glycosylase; Recognizes base lesions in the genome and initiates base excision DNA repair. Acts as a monofunctional DNA glycosylase specific for uracil (U) residues in DNA with a preference for single-stranded DNA substrates. The activity is greater toward mismatches (U/G) compared to matches (U/A). Excises uracil (U), 5-formyluracil (fU) and uracil derivatives bearing an oxidized group at C5 [5-hydroxyuracil (hoU) and 5-hydroxymethyluracil (hmU)] in ssDNA and dsDNA, but not analogous cytosine derivatives (5-hydroxycytosine and 5- formy [...] 
37	ENSG00000204256	9606.ENSP00000378702	BRD2	Bromodomain-containing protein 2; May play a role in spermatogenesis or folliculogenesis (By similarity). Binds hyperacetylated chromatin and plays a role in the regulation of transcription, probably by chromatin remodeling. Regulates transcription of the CCND1 gene. Plays a role in nucleosome assembly.
38	ENSG00000166341	9606.ENSP00000299441	DCHS1	Protocadherin-16; Calcium-dependent cell-adhesion protein. Mediates functions in neuroprogenitor cell proliferation and differentiation. In the heart, has a critical role for proper morphogenesis of the mitral valve, acting in the regulation of cell migration involved in valve formation.
39	ENSG00000120149	9606.ENSP00000239243	MSX2	Homeobox protein MSX-2; Acts as a transcriptional regulator in bone development. Represses the ALPL promoter activity and antagonizes the stimulatory effect of DLX5 on ALPL expression during osteoblast differentiation. Probable morphogenetic role. May play a role in limb-pattern formation. In osteoblasts, suppresses transcription driven by the osteocalcin FGF response element (OCFRE). Binds to the homeodomain-response element of the ALPL promoter; Belongs to the Msh homeobox family.
40	ENSG00000115977	9606.ENSP00000386456	AAK1	AP2-associated protein kinase 1; Regulates clathrin-mediated endocytosis by phosphorylating the AP2M1/mu2 subunit of the adaptor protein complex 2 (AP-2) which ensures high affinity binding of AP-2 to cargo membrane proteins during the initial stages of endocytosis. Isoform 1 and isoform 2 display similar levels of kinase activity towards AP2M1. Regulates phosphorylation of other AP-2 subunits as well as AP-2 localization and AP-2-mediated internalization of ligand complexes. Phosphorylates NUMB and regulates its cellular localization, promoting NUMB localization to endosomes. Binds to [...] 
41	ENSG00000115947	9606.ENSP00000441953	ORC4	Origin recognition complex subunit 4; Component of the origin recognition complex (ORC) that binds origins of replication. DNA-binding is ATP-dependent. The specific DNA sequences that define origins of replication have not been identified yet. ORC is required to assemble the pre-replication complex necessary to initiate DNA replication. Binds histone H3 and H4 trimethylation marks H3K9me3, H3K27me3 and H4K20me3; Belongs to the ORC4 family.
42	ENSG00000145975	9606.ENSP00000274673	FAM217A	Protein FAM217A; Family with sequence similarity 217 member A; Belongs to the FAM217 family.
43	ENSG00000135932	9606.ENSP00000258418	CAB39	Calcium-binding protein 39; Component of a complex that binds and activates STK11/LKB1. In the complex, required to stabilize the interaction between CAB39/MO25 (CAB39/MO25alpha or CAB39L/MO25beta) and STK11/LKB1.
44	ENSG00000140379	9606.ENSP00000267953	BCL2A1	Bcl-2-related protein A1; Retards apoptosis induced by IL-3 deprivation. May function in the response of hemopoietic cells to external signals and in maintaining endothelial survival during infection (By similarity). Can inhibit apoptosis induced by serum starvation in the mammary epithelial cell line HC11 (By similarity).
45	ENSG00000144642	9606.ENSP00000373277	RBMS3	RNA-binding motif, single-stranded-interacting protein 3; Binds poly(A) and poly(U) oligoribonucleotides.
46	ENSG00000240386	9606.ENSP00000334187	LCE1F	Late cornified envelope protein 1F; Precursors of the cornified envelope of the stratum corneum.
48	ENSG00000178971	9606.ENSP00000498499	CTC1	CST complex subunit CTC1; Component of the CST complex proposed to act as a specialized replication factor promoting DNA replication under conditions of replication stress or natural replication barriers such as the telomere duplex. The CST complex binds single-stranded DNA with high affinity in a sequence-independent manner, while isolated subunits bind DNA with low affinity by themselves. Initially the CST complex has been proposed to protect telomeres from DNA degradation. However, the CST complex has been shown to be involved in several aspects of telomere replication. The CST comp [...] 
49	ENSG00000087884	9606.ENSP00000307254	AAMDC	Mth938 domain-containing protein; May play a role in preadipocyte differentiation and adipogenesis; Belongs to the AAMDC family.
50	ENSG00000169021	9606.ENSP00000306397	UQCRFS1	Cytochrome b-c1 complex subunit Rieske, mitochondrial; [Cytochrome b-c1 complex subunit Rieske, mitochondrial]: Component of the ubiquinol-cytochrome c oxidoreductase, a multisubunit transmembrane complex that is part of the mitochondrial electron transport chain which drives oxidative phosphorylation. The respiratory chain contains 3 multisubunit complexes succinate dehydrogenase (complex II, CII), ubiquinol-cytochrome c oxidoreductase (cytochrome b- c1 complex, complex III, CIII) and cytochrome c oxidase (complex IV, CIV), that cooperate to transfer electrons derived from NADH and su [...] 
51	ENSG00000157456	9606.ENSP00000288207	CCNB2	G2/mitotic-specific cyclin-B2; Essential for the control of the cell cycle at the G2/M (mitosis) transition; Belongs to the cyclin family. Cyclin AB subfamily.
52	ENSG00000157450	9606.ENSP00000453015	RNF111	E3 ubiquitin-protein ligase Arkadia; E3 ubiquitin-protein ligase. Required for mesoderm patterning during embryonic development (By similarity). Acts as an enhancer of the transcriptional responses of the SMAD2/SMAD3 effectors, which are activated downstream of BMP. Acts by mediating ubiquitination and degradation of SMAD inhibitors such as SMAD7, inducing their proteasomal degradation and thereby enhancing the transcriptional activity of TGF-beta and BMP. In addition to enhance transcription of SMAD2/SMAD3 effectors, also regulates their turnover by mediating their ubiquitination and  [...] 
53	ENSG00000159714	9606.ENSP00000340299	ZDHHC1	Probable palmitoyltransferase ZDHHC1; Zinc finger DHHC-type containing 1; Belongs to the DHHC palmitoyltransferase family.
54	ENSG00000234127	9606.ENSP00000410446	TRIM26	Tripartite motif-containing protein 26; E3 ubiquitin-protein ligase which regulates the IFN-beta production and antiviral response downstream of various DNA-encoded pattern-recognition receptors (PRRs). Promotes nuclear IRF3 ubiquitination and proteasomal degradation. Bridges together TBK1 and NEMO during the innate response to viral infection leading to the activation of TBK1; Belongs to the TRIM/RBCC family.
55	ENSG00000056558	9606.ENSP00000362994	TRAF1	TNF receptor-associated factor 1; Adapter molecule that regulates the activation of NF-kappa-B and JNK. Plays a role in the regulation of cell survival and apoptosis. The heterotrimer formed by TRAF1 and TRAF2 is part of a E3 ubiquitin- protein ligase complex that promotes ubiquitination of target proteins, such as MAP3K14. The TRAF1/TRAF2 complex recruits the antiapoptotic E3 protein-ubiquitin ligases BIRC2 and BIRC3 to TNFRSF1B/TNFR2.
56	ENSG00000204463	9606.ENSP00000365131	BAG6	Large proline-rich protein BAG6; ATP-independent molecular chaperone preventing the aggregation of misfolded and hydrophobic patches-containing proteins. Functions as part of a cytosolic protein quality control complex, the BAG6/BAT3 complex, which maintains these client proteins in a soluble state and participates to their proper delivery to the endoplasmic reticulum or alternatively can promote their sorting to the proteasome where they undergo degradation. The BAG6/BAT3 complex is involved in the post-translational delivery of tail- anchored/type II transmembrane proteins to the end [...] 
57	ENSG00000091656	9606.ENSP00000498627	ZFHX4	Zinc finger homeobox protein 4; May play a role in neural and muscle differentiation (By similarity). May be involved in transcriptional regulation.
58	ENSG00000180613	9606.ENSP00000319118	GSX2	GS homeobox 2; During telencephalic development, causes ventralization of pallial progenitors and, depending on the developmental stage, specifies different neuronal fates. At early stages, necessary and sufficient to correctly specify the ventral lateral ganglionic eminence (LGE) and its major derivatives, the striatal projection neurons. At later stages, may specify LGE progenitors toward dorsal LGE fates, including olfactory bulb interneurons (By similarity). Transcription factor that binds 5'-CNAATTAG-3' DNA sequence. Belongs to the Antp homeobox family.
59	ENSG00000159708	9606.ENSP00000329943	LRRC36	Leucine-rich repeat-containing protein 36; Leucine rich repeat containing 36.
61	ENSG00000161202	9606.ENSP00000316054	DVL3	Segment polarity protein dishevelled homolog DVL-3; Involved in the signal transduction pathway mediated by multiple Wnt genes.
62	ENSG00000174227	9606.ENSP00000415203	PIGG	GPI ethanolamine phosphate transferase 2; Ethanolamine phosphate transferase involved in glycosylphosphatidylinositol-anchor biosynthesis. Transfers ethanolamine phosphate to the GPI second mannose.
63	ENSG00000101311	9606.ENSP00000217289	FERMT1	Fermitin family homolog 1; Involved in cell adhesion. Contributes to integrin activation. When coexpressed with talin, potentiates activation of ITGA2B. Required for normal keratinocyte proliferation. Required for normal polarization of basal keratinocytes in skin, and for normal cell shape. Required for normal adhesion of keratinocytes to fibronectin and laminin, and for normal keratinocyte migration to wound sites. May mediate TGF-beta 1 signaling in tumor progression. Belongs to the kindlin family.
64	ENSG00000108239	9606.ENSP00000225235	TBC1D12	TBC1 domain family member 12; RAB11A-binding protein that plays a role in neurite outgrowth.
65	ENSG00000160161	9606.ENSP00000291495	CILP2	Cartilage intermediate layer protein 2 C1; May play a role in cartilage scaffolding.
66	ENSG00000169570	9606.ENSP00000425048	DTWD2	DTW domain containing 2.
67	ENSG00000121989	9606.ENSP00000241416	ACVR2A	Activin receptor type-2A; On ligand binding, forms a receptor complex consisting of two type II and two type I transmembrane serine/threonine kinases. Type II receptors phosphorylate and activate type I receptors which autophosphorylate, then bind and activate SMAD transcriptional regulators. Receptor for activin A, activin B and inhibin A. Mediates induction of adipogenesis by GDF6 (By similarity).
68	ENSG00000169876	9606.ENSP00000302716	MUC17	Mucin-17; Probably plays a role in maintaining homeostasis on mucosal surfaces.
69	ENSG00000054267	9606.ENSP00000264183	ARID4B	AT-rich interactive domain-containing protein 4B; Acts as a transcriptional repressor. May function in the assembly and/or enzymatic activity of the Sin3A corepressor complex or in mediating interactions between the complex and other regulatory complexes. Plays a role in the regulation of epigenetic modifications at the PWS/AS imprinting center near the SNRPN promoter, where it might function as part of a complex with RB1 and ARID4A. Involved in spermatogenesis, together with ARID4A, where it functions as a transcriptional coactivator for AR (androgen receptor) and enhances expression  [...] 
70	ENSG00000166896	9606.ENSP00000300145	ATP23	Mitochondrial inner membrane protease ATP23 homolog; ATP23 metallopeptidase and ATP synthase assembly factor homolog.
71	ENSG00000171456	9606.ENSP00000364839	ASXL1	Polycomb group protein ASXL1; Probable Polycomb group (PcG) protein involved in transcriptional regulation mediated by ligand-bound nuclear hormone receptors, such as retinoic acid receptors (RARs) and peroxisome proliferator-activated receptor gamma (PPARG). Acts as coactivator of RARA and RXRA through association with NCOA1. Acts as corepressor for PPARG and suppresses its adipocyte differentiation-inducing activity (By similarity). Non- catalytic component of the PR-DUB complex, a complex that specifically mediates deubiquitination of histone H2A monoubiquitinated at 'Lys-119' (H2AK [...] 
72	ENSG00000169860	9606.ENSP00000304767	P2RY1	P2Y purinoceptor 1; Receptor for extracellular adenine nucleotides such as ADP. In platelets, binding to ADP leads to mobilization of intracellular calcium ions via activation of phospholipase C, a change in platelet shape, and ultimately platelet aggregation. Belongs to the G-protein coupled receptor 1 family.
73	ENSG00000119969	9606.ENSP00000377601	HELLS	Lymphoid-specific helicase; Plays an essential role in normal development and survival. Involved in regulation of the expansion or survival of lymphoid cells. Required for de novo or maintenance DNA methylation. May control silencing of the imprinted CDKN1C gene through DNA methylation. May play a role in formation and organization of heterochromatin, implying a functional role in the regulation of transcription and mitosis (By similarity).
74	ENSG00000091542	9606.ENSP00000382091	ALKBH5	RNA demethylase ALKBH5; Dioxygenase that demethylates RNA by oxidative demethylation: specifically demethylates N(6)-methyladenosine (m6A) RNA, the most prevalent internal modification of messenger RNA (mRNA) in higher eukaryotes. Can also demethylate N(6)-methyladenosine in single- stranded DNA (in vitro). Requires molecular oxygen, alpha-ketoglutarate and iron. Demethylation of m6A mRNA affects mRNA processing and export. Required for the late meiotic and haploid phases of spermatogenesis by mediating m6A demethylation in spermatocytes and round spermatids: m6A demethylation of targe [...] 
75	ENSG00000136541	9606.ENSP00000380453	ERMN	Ermin; Plays a role in cytoskeletal rearrangements during the late wrapping and/or compaction phases of myelinogenesis as well as in maintenance and stability of myelin sheath in the adult. May play an important role in late-stage oligodendroglia maturation, myelin/Ranvier node formation during CNS development, and in the maintenance and plasticity of related structures in the mature CNS (By similarity).
76	ENSG00000101350	9606.ENSP00000364864	KIF3B	Kinesin-like protein KIF3B, N-terminally processed; Involved in tethering the chromosomes to the spindle pole and in chromosome movement. Microtubule-based anterograde translocator for membranous organelles. Plus end-directed microtubule sliding activity in vitro (By similarity).
77	ENSG00000164100	9606.ENSP00000296499	NDST3	Bifunctional heparan sulfate N-deacetylase/N-sulfotransferase 3; Essential bifunctional enzyme that catalyzes both the N- deacetylation and the N-sulfation of glucosamine (GlcNAc) of the glycosaminoglycan in heparan sulfate. Modifies the GlcNAc-GlcA disaccharide repeating sugar backbone to make N-sulfated heparosan, a prerequisite substrate for later modifications in heparin biosynthesis. Has high deacetylase activity but low sulfotransferase activity.
78	ENSG00000197532	9606.ENSP00000492894	OR6Y1	Olfactory receptor 6Y1; Odorant receptor; Belongs to the G-protein coupled receptor 1 family.
79	ENSG00000173214	9606.ENSP00000500934	MFSD4B	Sodium-dependent glucose transporter 1; May function as a sodium-dependent glucose transporter. Potential channels for urea in the inner medulla of kidney. Belongs to the major facilitator superfamily.
80	ENSG00000196730	9606.ENSP00000386135	DAPK1	Death-associated protein kinase 1; Calcium/calmodulin-dependent serine/threonine kinase involved in multiple cellular signaling pathways that trigger cell survival, apoptosis, and autophagy. Regulates both type I apoptotic and type II autophagic cell deaths signal, depending on the cellular setting. The former is caspase-dependent, while the latter is caspase-independent and is characterized by the accumulation of autophagic vesicles. Phosphorylates PIN1 resulting in inhibition of its catalytic activity, nuclear localization, and cellular function. Phosphorylates TPM1, enhancing stress [...] 
81	ENSG00000107902	9606.ENSP00000357835	LHPP	Phospholysine phosphohistidine inorganic pyrophosphate phosphatase; Phosphatase that hydrolyzes imidodiphosphate, 3- phosphohistidine and 6-phospholysine. Has broad substrate specificity and can also hydrolyze inorganic diphosphate, but with lower efficiency (By similarity); Belongs to the HAD-like hydrolase superfamily.
82	ENSG00000179833	9606.ENSP00000326933	SERTAD2	SERTA domain-containing protein 2; Acts at E2F-responsive promoters as coregulator to integrate signals provided by PHD- and/or bromodomain-containing transcription factors. May act as coactivator as well as corepressor of E2F1-TFDP1 and E2F4-TFDP1 complexes on E2F consensus binding sites, which would activate or inhibit E2F-target genes expression. Modulates fat storage by down-regulating the expression of key genes involved in adipocyte lipolysis, thermogenesis and oxidative metabolism.
83	ENSG00000172765	9606.ENSP00000376930	TMCC1	Transmembrane and coiled-coil domains protein 1; Endoplasmic reticulum membrane protein that promotes endoplasmic reticulum-associated endosome fission. Localizes to contact sites between the endoplasmic reticulum and endosomes and acts by promoting recruitment of the endoplasmic reticulum to endosome tubules for fission. Endosome membrane fission of early and late endosomes is essential to separate regions destined for lysosomal degradation from carriers to be recycled to the plasma membrane. Belongs to the TEX28 family.
84	ENSG00000047579	9606.ENSP00000341680	DTNBP1	Dysbindin; Component of the BLOC-1 complex, a complex that is required for normal biogenesis of lysosome-related organelles (LRO), such as platelet dense granules and melanosomes. In concert with the AP-3 complex, the BLOC-1 complex is required to target membrane protein cargos into vesicles assembled at cell bodies for delivery into neurites and nerve terminals. The BLOC-1 complex, in association with SNARE proteins, is also proposed to be involved in neurite extension. Associates with the BLOC-2 complex to facilitate the transport of TYRP1 independent of AP-3 function. Plays a role i [...] 
85	ENSG00000101337	9606.ENSP00000381104	TM9SF4	Transmembrane 9 superfamily member 4; Associates with proteins harboring glycine-rich transmembrane domains and ensures their efficient localization to the cell surface. Regulates the assembly and activity of V-ATPase in colon cancer cells via its interaction with V-type proton ATPase subunit H (ATP6V1H) and contributes to V-ATPase-mediated pH alterations in cancer cells which play an important role in drug resistance and invasiveness of colon cancer cells. Plays an important role in an atypical phagocytic activity of metastatic melanoma cells called cannibalism and is involved in the  [...] 
86	ENSG00000170260	9606.ENSP00000338572	ZNF212	Zinc finger protein 212; May be involved in transcriptional regulation.
87	ENSG00000111728	9606.ENSP00000379353	ST8SIA1	Alpha-N-acetylneuraminide alpha-2,8-sialyltransferase; Involved in the production of gangliosides GD3 and GT3 from GM3; gangliosides are a subfamily of complex glycosphinglolipds that contain one or more residues of sialic acid.
88	ENSG00000081189	9606.ENSP00000340874	MEF2C	Myocyte-specific enhancer factor 2C; Transcription activator which binds specifically to the MEF2 element present in the regulatory regions of many muscle-specific genes. Controls cardiac morphogenesis and myogenesis, and is also involved in vascular development. Enhances transcriptional activation mediated by SOX18. Plays an essential role in hippocampal-dependent learning and memory by suppressing the number of excitatory synapses and thus regulating basal and evoked synaptic transmission. Crucial for normal neuronal development, distribution, and electrical activity in the neocortex [...] 
89	ENSG00000121895	9606.ENSP00000371364	TMEM156	Transmembrane protein 156.
90	ENSG00000035403	9606.ENSP00000211998	VCL	Vinculin; Actin filament (F-actin)-binding protein involved in cell- matrix adhesion and cell-cell adhesion. Regulates cell-surface E- cadherin expression and potentiates mechanosensing by the E-cadherin complex. May also play important roles in cell morphology and locomotion; Belongs to the vinculin/alpha-catenin family.
91	ENSG00000116539	9606.ENSP00000376204	ASH1L	Histone-lysine N-methyltransferase ASH1L; Histone methyltransferase specifically trimethylating 'Lys- 36' of histone H3 forming H3K36me3. Also monomethylates 'Lys-9' of histone H3 (H3K9me1) in vitro (By similarity). The physiological significance of the H3K9me1 activity is unclear (By similarity); Belongs to the class V-like SAM-binding methyltransferase superfamily. Histone-lysine methyltransferase family. SET2 subfamily.
92	ENSG00000150556	9606.ENSP00000387077	LYPD6B	Ly6/PLAUR domain-containing protein 6B; Believed to act as a modulator of nicotinic acetylcholine receptors (nAChRs) activity. In vitro acts on nAChRs in a subtype- and stoichiometry-dependent manner. Modulates specifically alpha-3(3):beta- 4(2) nAChRs by enhancing the sensitivity to ACh, decreasing ACh-induced maximal current response and increasing the rate of desensitization to ACh; has no effect on alpha-7 homomeric nAChRs; modulates alpha- 3(2):alpha-5:beta-4(2) nAChRs in the context of CHRNA5/alpha-5 variant Asn-398 but not its wild-type sequence.
93	ENSG00000204946	9606.ENSP00000410890	ZNF783	Protein ZNF783; May be involved in transcriptional regulation.
94	ENSG00000104856	9606.ENSP00000221452	RELB	Transcription factor RelB; NF-kappa-B is a pleiotropic transcription factor which is present in almost all cell types and is involved in many biological processed such as inflammation, immunity, differentiation, cell growth, tumorigenesis and apoptosis. NF-kappa-B is a homo- or heterodimeric complex formed by the Rel-like domain-containing proteins RELA/p65, RELB, NFKB1/p105, NFKB1/p50, REL and NFKB2/p52. The dimers bind at kappa-B sites in the DNA of their target genes and the individual dimers have distinct preferences for different kappa-B sites that they can bind with distinguishab [...] 
95	ENSG00000132964	9606.ENSP00000370938	CDK8	Cyclin-dependent kinase 8; Component of the Mediator complex, a coactivator involved in regulated gene transcription of nearly all RNA polymerase II-dependent genes. Mediator functions as a bridge to convey information from gene- specific regulatory proteins to the basal RNA polymerase II transcription machinery. Mediator is recruited to promoters by direct interactions with regulatory proteins and serves as a scaffold for the assembly of a functional preinitiation complex with RNA polymerase II and the general transcription factors. Phosphorylates the CTD (C- terminal domain) of the l [...] 
96	ENSG00000204469	9606.ENSP00000365201	PRRC2A	Protein PRRC2A; May play a role in the regulation of pre-mRNA splicing.
97	ENSG00000105711	9606.ENSP00000396915	SCN1B	Sodium channel subunit beta-1; Regulatory subunit of multiple voltage-gated sodium channel complexes that play important roles in excitable membranes in brain, heart and skeletal muscle. Enhances the presence of the pore-forming alpha subunit at the cell surface and modulates channel gating characteristics and the rate of channel inactivation. Modulates the activity of multiple pore-forming alpha subunits, such as SCN1A, SCN2A, SCN3A, SCN4A, SCN5A and SCN10A.
98	ENSG00000123685	9606.ENSP00000243440	BATF3	Basic leucine zipper transcriptional factor ATF-like 3; AP-1 family transcription factor that controls the differentiation of CD8(+) thymic conventional dendritic cells in the immune system. Required for development of CD8-alpha(+) classical dendritic cells (cDCs) and related CD103(+) dendritic cells that cross- present antigens to CD8 T-cells and produce interleukin-12 (IL12) in response to pathogens (By similarity). Acts via the formation of a heterodimer with JUN family proteins that recognizes and binds DNA sequence 5'-TGA[CG]TCA-3' and regulates expression of target genes. Belongs [...] 
99	ENSG00000118689	9606.ENSP00000339527	FOXO3	Forkhead box protein O3; Transcriptional activator that recognizes and binds to the DNA sequence 5'-[AG]TAAA[TC]A-3' and regulates different processes, such as apoptosis and autophagy. Acts as a positive regulator of autophagy in skeletal muscle: in starved cells, enters the nucleus following dephosphorylation and binds the promoters of autophagy genes, such as GABARAP1L, MAP1LC3B and ATG12, thereby activating their expression, resulting in proteolysis of skeletal muscle proteins (By similarity). Triggers apoptosis in the absence of survival factors, including neuronal cell death upon  [...] 
100	ENSG00000174989	9606.ENSP00000498999	FBXW8	F-box/WD repeat-containing protein 8; Substrate-recognition component of a Cul7-RING ubiquitin- protein ligase complex, which mediates the ubiquitination and subsequent proteasomal degradation of target proteins. The Cul7- RING(FBXW8) complex mediates ubiquitination and consequent degradation of GORASP1, acting as a component of the ubiquitin ligase pathway that regulates Golgi morphogenesis and dendrite patterning in brain. Mediates ubiquitination and degradation of IRS1 in a mTOR-dependent manner: the Cul7-RING(FBXW8) complex recognizes and binds IRS1 previously phosphorylated by S6  [...] 
102	ENSG00000137776	9606.ENSP00000369887	SLTM	SAFB-like transcription modulator; When overexpressed, acts as a general inhibitor of transcription that eventually leads to apoptosis.
103	ENSG00000089351	9606.ENSP00000441032	GRAMD1A	Protein Aster-A; Cholesterol transporter that mediates non-vesicular transport of cholesterol from the plasma membrane (PM) to the endoplasmic reticulum (ER) (By similarity). Contains unique domains for binding cholesterol and the PM, thereby serving as a molecular bridge for the transfer of cholesterol from the PM to the ER (By similarity). Plays a crucial role in cholesterol homeostasis and has the unique ability to localize to the PM based on the level of membrane cholesterol (By similarity). In lipid-poor conditions localizes to the ER membrane and in response to excess cholesterol [...] 
104	ENSG00000100191	9606.ENSP00000266086	SLC5A4	Solute carrier family 5 member 4; Has electrogenic activity in response to glucose, and may function as a glucose sensor. Mediates influx of sodium ions into the cell but does not transport sugars. Also potently activated by imino sugars such as deoxynojirimycin (DNJ). Belongs to the sodium:solute symporter (SSF) (TC 2.A.21) family.
105	ENSG00000038532	9606.ENSP00000387122	CLEC16A	Protein CLEC16A; Regulator of mitophagy through the upstream regulation of the RNF41/NRDP1-PRKN pathway. Mitophagy is a selective form of autophagy necessary for mitochondrial quality control. The RNF41/NRDP1-PRKN pathway regulates autophagosome-lysosome fusion during late mitophagy. May protect RNF41/NRDP1 from proteosomal degradation, RNF41/NRDP1 which regulates proteosomal degradation of PRKN. Plays a key role in beta cells functions by regulating mitophagy/autophagy and mitochondrial health; Belongs to the CLEC16A/gop-1 family.
106	ENSG00000010610	9606.ENSP00000011653	CD4	T-cell surface glycoprotein CD4; Integral membrane glycoprotein that plays an essential role in the immune response and serves multiple functions in responses against both external and internal offenses. In T-cells, functions primarily as a coreceptor for MHC class II molecule:peptide complex. The antigens presented by class II peptides are derived from extracellular proteins while class I peptides are derived from cytosolic proteins. Interacts simultaneously with the T-cell receptor (TCR) and the MHC class II presented by antigen presenting cells (APCs). In turn, recruits the Src kina [...] 
107	ENSG00000173726	9606.ENSP00000355566	TOMM20	Mitochondrial import receptor subunit TOM20 homolog; Central component of the receptor complex responsible for the recognition and translocation of cytosolically synthesized mitochondrial preproteins. Together with TOM22 functions as the transit peptide receptor at the surface of the mitochondrion outer membrane and facilitates the movement of preproteins into the TOM40 translocation pore (By similarity). Required for the translocation across the mitochondrial outer membrane of cytochrome P450 monooxygenases. Belongs to the Tom20 family.
108	ENSG00000197487	9606.ENSP00000349884	GALP	Galanin-like peptide; [Isoform 1]: Hypothalamic neuropeptide which binds to the G- protein-coupled galanin receptors (GALR1, GALR2 and GALR3). Involved in a large number of putative physiological functions in CNS homeostatic processes, including the regulation of gonadotropin-releasing hormone secretion.
109	ENSG00000145390	9606.ENSP00000409906	USP53	Inactive ubiquitin carboxyl-terminal hydrolase 53; Tight junction-associated protein that is involved in the survival of auditory hair cells and hearing. Maybe by modulating the barrier properties and mechanical stability of tight junctions (By similarity). Has no peptidase activity.
110	ENSG00000163645	9606.ENSP00000295910	ERICH6	Glutamate-rich protein 6; Glutamate rich 6.
111	ENSG00000117906	9606.ENSP00000319739	RCN2	Reticulocalbin-2; Not known. Binds calcium.
112	ENSG00000118160	9606.ENSP00000236877	SLC8A2	Sodium/calcium exchanger 2; Mediates the electrogenic exchange of Ca(2+) against Na(+) ions across the cell membrane, and thereby contributes to the regulation of cytoplasmic Ca(2+) levels and Ca(2+)-dependent cellular processes. Contributes to cellular Ca(2+) homeostasis in excitable cells. Contributes to the rapid decrease of cytoplasmic Ca(2+) levels back to baseline after neuronal activation, and thereby contributes to modulate synaptic plasticity, learning and memory. Plays a role in regulating urinary Ca(2+) and Na(+) excretion. Belongs to the Ca(2+):cation antiporter (CaCA) (TC  [...] 
114	ENSG00000173610	9606.ENSP00000425497	UGT2A1	UDP-glucuronosyltransferase 2A1; UDP glucuronosyltransferase family 2 member A1 complex locus; Belongs to the UDP-glycosyltransferase family.
115	ENSG00000172940	9606.ENSP00000310241	SLC22A13	Solute carrier family 22 member 13.
116	ENSG00000135333	9606.ENSP00000358309	EPHA7	Ephrin type-A receptor 7; Receptor tyrosine kinase which binds promiscuously GPI- anchored ephrin-A family ligands residing on adjacent cells, leading to contact-dependent bidirectional signaling into neighboring cells. The signaling pathway downstream of the receptor is referred to as forward signaling while the signaling pathway downstream of the ephrin ligand is referred to as reverse signaling. Among GPI-anchored ephrin-A ligands, EFNA5 is a cognate/functional ligand for EPHA7 and their interaction regulates brain development modulating cell-cell adhesion and repulsion. Has a repel [...] 
117	ENSG00000184792	9606.ENSP00000332576	OSBP2	Oxysterol-binding protein 2; Binds 7-ketocholesterol.
118	ENSG00000271271	9606.ENSP00000475028	UGT2A2	UDP-glucuronosyltransferase 2A1; UDP-glucuronosyltransferases catalyze phase II biotransformation reactions in which lipophilic substrates are conjugated with glucuronic acid to increase water solubility and enhance excretion. They are of major importance in the conjugation and subsequent elimination of potentially toxic xenobiotics and endogenous compounds. Active on odorants and seems to be involved in olfaction; it could help clear lipophilic odorant molecules from the sensory epithelium; Belongs to the UDP-glycosyltransferase family.
120	ENSG00000183092	9606.ENSP00000411124	BEGAIN	Brain-enriched guanylate kinase-associated protein; May sustain the structure of the postsynaptic density (PSD).
121	ENSG00000166526	9606.ENSP00000306372	ZNF3	Zinc finger protein 3; Involved in cell differentiation and/or proliferation; Belongs to the krueppel C2H2-type zinc-finger protein family.
122	ENSG00000003400	9606.ENSP00000286186	CASP10	Caspase-10 subunit p23/17; Involved in the activation cascade of caspases responsible for apoptosis execution. Recruited to both Fas- and TNFR-1 receptors in a FADD dependent manner. May participate in the granzyme B apoptotic pathways. Cleaves and activates caspase-3, -4, -6, -7, -8, and -9. Hydrolyzes the small- molecule substrates, Tyr-Val-Ala-Asp-|-AMC and Asp-Glu-Val-Asp-|-AMC. Isoform C is proteolytically inactive. Belongs to the peptidase C14A family.
123	ENSG00000182901	9606.ENSP00000355523	RGS7	Regulator of G-protein signaling 7; Regulates G protein-coupled receptor signaling cascades. Inhibits signal transduction by increasing the GTPase activity of G protein alpha subunits, thereby driving them into their inactive GDP- bound form. The RGS7/GNB5 dimer enhances GNAO1 GTPase activity. May play a role in synaptic vesicle exocytosis. Modulates the activity of potassium channels that are activated by GNAO1 in response to muscarinic acetylcholine receptor M2/CHRM2 signaling.
124	ENSG00000185052	9606.ENSP00000333519	SLC24A3	Sodium/potassium/calcium exchanger 3; Transports 1 Ca(2+) and 1 K(+) in exchange for 4 Na(+).
125	ENSG00000145384	9606.ENSP00000274024	FABP2	Fatty acid-binding protein, intestinal; FABP are thought to play a role in the intracellular transport of long-chain fatty acids and their acyl-CoA esters. FABP2 is probably involved in triglyceride-rich lipoprotein synthesis. Binds saturated long-chain fatty acids with a high affinity, but binds with a lower affinity to unsaturated long-chain fatty acids. FABP2 may also help maintain energy homeostasis by functioning as a lipid sensor; Belongs to the calycin superfamily. Fatty-acid binding protein (FABP) family.
127	ENSG00000134905	9606.ENSP00000257347	CARS2	Probable cysteine--tRNA ligase, mitochondrial; cysteinyl-tRNA synthetase 2, mitochondrial; Belongs to the class-I aminoacyl-tRNA synthetase family.
128	ENSG00000183914	9606.ENSP00000458355	DNAH2	Dynein heavy chain 2, axonemal; Force generating protein of respiratory cilia. Produces force towards the minus ends of microtubules. Dynein has ATPase activity; the force-producing power stroke is thought to occur on release of ADP. Involved in sperm motility; implicated in sperm flagellar assembly (By similarity).
129	ENSG00000114988	9606.ENSP00000366280	LMAN2L	VIP36-like protein; May be involved in the regulation of export from the endoplasmic reticulum of a subset of glycoproteins. May function as a regulator of ERGIC-53.
130	ENSG00000072042	9606.ENSP00000370750	RDH11	Retinol dehydrogenase 11; Retinol dehydrogenase with a clear preference for NADP. Displays high activity towards 9-cis, 11-cis and all-trans-retinol, and to a lesser extent on 13-cis-retinol. Exhibits a low reductive activity towards unsaturated medium-chain aldehydes such as cis -6-nonenal and no activity toward nonanal or 4-hydroxy-nonenal. Has no dehydrogenase activity towards steroid.
132	ENSG00000163462	9606.ENSP00000334657	TRIM46	Tripartite motif-containing protein 46; Microtubule-associated protein that is involved in the formation of parallel microtubule bundles linked by cross-bridges in the proximal axon. Required for the uniform orientation and maintenance of the parallel microtubule fascicles, which are important for efficient cargo delivery and trafficking in axons. Thereby also required for proper axon specification, the establishment of neuronal polarity and proper neuronal migration; Belongs to the TRIM/RBCC family.
133	ENSG00000102554	9606.ENSP00000366915	KLF5	Krueppel-like factor 5; Transcription factor that binds to GC box promoter elements. Activates the transcription of these genes; Belongs to the krueppel C2H2-type zinc-finger protein family.
134	ENSG00000109906	9606.ENSP00000338157	ZBTB16	Zinc finger and BTB domain-containing protein 16; Acts as a transcriptional repressor. May play a role in myeloid maturation and in the development and/or maintenance of other differentiated tissues. Probable substrate- recognition component of an E3 ubiquitin-protein ligase complex which mediates the ubiquitination and subsequent proteasomal degradation of target proteins ; Belongs to the krueppel C2H2-type zinc-finger protein family.
135	ENSG00000104419	9606.ENSP00000404854	NDRG1	Protein NDRG1; Stress-responsive protein involved in hormone responses, cell growth, and differentiation. Acts as a tumor suppressor in many cell types. Necessary but not sufficient for p53/TP53-mediated caspase activation and apoptosis. Has a role in cell trafficking, notably of the Schwann cell, and is necessary for the maintenance and development of the peripheral nerve myelin sheath. Required for vesicular recycling of CDH1 and TF. May also function in lipid trafficking. Protects cells from spindle disruption damage. Functions in p53/TP53-dependent mitotic spindle checkpoint. Regul [...] 
136	ENSG00000117461	9606.ENSP00000262741	PIK3R3	Phosphatidylinositol 3-kinase regulatory subunit gamma; Binds to activated (phosphorylated) protein-tyrosine kinases through its SH2 domain and regulates their kinase activity. During insulin stimulation, it also binds to IRS-1.
137	ENSG00000167491	9606.ENSP00000384899	GATAD2A	Transcriptional repressor p66-alpha; Transcriptional repressor. Enhances MBD2-mediated repression. Efficient repression requires the presence of GATAD2B.
138	ENSG00000151790	9606.ENSP00000444788	TDO2	Tryptophan 2,3-dioxygenase; Heme-dependent dioxygenase that catalyzes the oxidative cleavage of the L-tryptophan (L-Trp) pyrrole ring and converts L- tryptophan to N-formyl-L-kynurenine. Catalyzes the oxidative cleavage of the indole moiety.
139	ENSG00000160752	9606.ENSP00000349078	FDPS	Farnesyl pyrophosphate synthase; Key enzyme in isoprenoid biosynthesis which catalyzes the formation of farnesyl diphosphate (FPP), a precursor for several classes of essential metabolites including sterols, dolichols, carotenoids, and ubiquinones. FPP also serves as substrate for protein farnesylation and geranylgeranylation. Catalyzes the sequential condensation of isopentenyl pyrophosphate with the allylic pyrophosphates, dimethylallyl pyrophosphate, and then with the resultant geranylpyrophosphate to the ultimate product farnesyl pyrophosphate; Belongs to the FPP/GGPP synthase family.
140	ENSG00000117215	9606.ENSP00000364246	PLA2G2D	Group IID secretory phospholipase A2; PA2 catalyzes the calcium-dependent hydrolysis of the 2-acyl groups in 3-sn-phosphoglycerides. L-alpha-1-palmitoyl-2-linoleoyl phosphatidylethanolamine is more efficiently hydrolyzed than the other phospholipids examined.
141	ENSG00000204428	9606.ENSP00000372724	LY6G5C	Lymphocyte antigen 6 complex locus protein G5c; May have a role in hematopoietic cell differentiation.
142	ENSG00000104361	9606.ENSP00000407087	NIPAL2	NIPA-like protein 2; NIPA like domain containing 2; Belongs to the NIPA family.
143	ENSG00000161270	9606.ENSP00000368190	NPHS1	Nephrin; Seems to play a role in the development or function of the kidney glomerular filtration barrier. Regulates glomerular vascular permeability. May anchor the podocyte slit diaphragm to the actin cytoskeleton. Plays a role in skeletal muscle formation through regulation of myoblast fusion (By similarity).
144	ENSG00000168916	9606.ENSP00000307746	ZNF608	Zinc finger protein 608; Transcription factor, which represses ZNF609 transcription.
145	ENSG00000172399	9606.ENSP00000306997	MYOZ2	Myozenin-2; Myozenins may serve as intracellular binding proteins involved in linking Z line proteins such as alpha-actinin, gamma- filamin, TCAP/telethonin, LDB3/ZASP and localizing calcineurin signaling to the sarcomere. Plays an important role in the modulation of calcineurin signaling. May play a role in myofibrillogenesis.
146	ENSG00000273088	9606.ENSP00000477381	V9GZ38_HUMAN	Uncharacterized protein.
147	ENSG00000097046	9606.ENSP00000393139	CDC7	Cell division cycle 7-related protein kinase; Seems to phosphorylate critical substrates that regulate the G1/S phase transition and/or DNA replication. Can phosphorylates MCM2 and MCM3; Belongs to the protein kinase superfamily. Ser/Thr protein kinase family. CDC7 subfamily.
148	ENSG00000185551	9606.ENSP00000377721	NR2F2	COUP transcription factor 2; Ligand-activated transcription factor. Activated by high concentrations of 9-cis-retinoic acid and all-trans-retinoic acid, but not by dexamethasone, cortisol or progesterone (in vitro). Regulation of the apolipoprotein A-I gene transcription. Binds to DNA site A.
149	ENSG00000115165	9606.ENSP00000264192	CYTIP	Cytohesin-interacting protein; By its binding to cytohesin-1 (CYTH1), it modifies activation of ARFs by CYTH1 and its precise function may be to sequester CYTH1 in the cytoplasm.
150	ENSG00000213995	9606.ENSP00000311984	NAXD	ATP-dependent (S)-NAD(P)H-hydrate dehydratase; Catalyzes the dehydration of the S-form of NAD(P)HX at the expense of ATP, which is converted to ADP. Together with NAD(P)HX epimerase, which catalyzes the epimerization of the S- and R-forms, the enzyme allows the repair of both epimers of NAD(P)HX, a damaged form of NAD(P)H that is a result of enzymatic or heat-dependent hydration. Belongs to the NnrD/CARKD family.
151	ENSG00000154188	9606.ENSP00000428340	ANGPT1	Angiopoietin-1; Binds and activates TEK/TIE2 receptor by inducing its dimerization and tyrosine phosphorylation. Plays an important role in the regulation of angiogenesis, endothelial cell survival, proliferation, migration, adhesion and cell spreading, reorganization of the actin cytoskeleton, but also maintenance of vascular quiescence. Required for normal angiogenesis and heart development during embryogenesis. After birth, activates or inhibits angiogenesis, depending on the context. Inhibits angiogenesis and promotes vascular stability in quiescent vessels, where endothelial cells [...] 
152	ENSG00000160199	9606.ENSP00000291547	PKNOX1	Homeobox protein PKNOX1; Activates transcription in the presence of PBX1A and HOXA1.
153	ENSG00000067955	9606.ENSP00000415151	CBFB	Core-binding factor subunit beta; Forms the heterodimeric complex core-binding factor (CBF) with RUNX family proteins (RUNX1, RUNX2, and RUNX3). RUNX members modulate the transcription of their target genes through recognizing the core consensus binding sequence 5'-TGTGGT-3', or very rarely, 5'- TGCGGT-3', within their regulatory regions via their runt domain, while CBFB is a non-DNA-binding regulatory subunit that allosterically enhances the sequence-specific DNA-binding capacity of RUNX. The heterodimers bind to the core site of a number of enhancers and promoters, including murine l [...] 
154	ENSG00000206418	9606.ENSP00000331748	RAB12	Ras-related protein Rab-12; The small GTPases Rab are key regulators of intracellular membrane trafficking, from the formation of transport vesicles to their fusion with membranes. Rabs cycle between an inactive GDP-bound form and an active GTP-bound form that is able to recruit to membranes different set of downstream effectors directly responsible for vesicle formation, movement, tethering and fusion. That Rab may play a role in protein transport from recycling endosomes to lysosomes regulating, for instance, the degradation of the transferrin receptor. Involved in autophagy (By simi [...] 
155	ENSG00000166529	9606.ENSP00000292450	ZSCAN21	Zinc finger and SCAN domain-containing protein 21; Strong transcriptional activator.
156	ENSG00000125975	9606.ENSP00000403566	C20orf173	Uncharacterized protein C20orf173; Chromosome 20 open reading frame 173.
157	ENSG00000153113	9606.ENSP00000422176	CAST	Calpastatin; Specific inhibition of calpain (calcium-dependent cysteine protease). Plays a key role in postmortem tenderization of meat and have been proposed to be involved in muscle protein degradation in living tissue; Belongs to the protease inhibitor I27 (calpastatin) family.
158	ENSG00000155849	9606.ENSP00000312185	ELMO1	Engulfment and cell motility protein 1; Involved in cytoskeletal rearrangements required for phagocytosis of apoptotic cells and cell motility. Acts in association with DOCK1 and CRK. Was initially proposed to be required in complex with DOCK1 to activate Rac Rho small GTPases. May enhance the guanine nucleotide exchange factor (GEF) activity of DOCK1.
159	ENSG00000183283	9606.ENSP00000448051	DAZAP2	DAZ associated protein 2.
160	ENSG00000214415	9606.ENSP00000381339	GNAT3	Guanine nucleotide-binding protein G(t) subunit alpha-3; Guanine nucleotide-binding protein (G protein) alpha subunit playing a prominent role in bitter and sweet taste transduction as well as in umami (monosodium glutamate, monopotassium glutamate, and inosine monophosphate) taste transduction. Transduction by this alpha subunit involves coupling of specific cell-surface receptors with a cGMP- phosphodiesterase; Activation of phosphodiesterase lowers intracellular levels of cAMP and cGMP which may open a cyclic nucleotide-suppressible cation channel leading to influx of calcium, ultim [...] 
161	ENSG00000041802	9606.ENSP00000265245	LSG1	Large subunit GTPase 1 homolog; GTPase required for the XPO1/CRM1-mediated nuclear export of the 60S ribosomal subunit. Probably acts by mediating the release of NMD3 from the 60S ribosomal subunit after export into the cytoplasm (Probable).
162	ENSG00000104774	9606.ENSP00000395473	MAN2B1	Lysosomal alpha-mannosidase A peptide; Necessary for the catabolism of N-linked carbohydrates released during glycoprotein turnover. Cleaves all known types of alpha-mannosidic linkages; Belongs to the glycosyl hydrolase 38 family.
164	ENSG00000197043	9606.ENSP00000346550	ANXA6	Annexin A6; May associate with CD21. May regulate the release of Ca(2+) from intracellular stores; Belongs to the annexin family.
165	ENSG00000204390	9606.ENSP00000364805	HSPA1L	Heat shock 70 kDa protein 1-like; Molecular chaperone implicated in a wide variety of cellular processes, including protection of the proteome from stress, folding and transport of newly synthesized polypeptides, activation of proteolysis of misfolded proteins and the formation and dissociation of protein complexes. Plays a pivotal role in the protein quality control system, ensuring the correct folding of proteins, the re-folding of misfolded proteins and controlling the targeting of proteins for subsequent degradation. This is achieved through cycles of ATP binding, ATP hydrolysis an [...] 
166	ENSG00000100565	9606.ENSP00000377369	LRRC74A	Leucine-rich repeat-containing protein 74A; Leucine rich repeat containing 74A.
167	ENSG00000143627	9606.ENSP00000339933	PKLR	Pyruvate kinase PKLR; Plays a key role in glycolysis.
168	ENSG00000117036	9606.ENSP00000357175	ETV3	ETS translocation variant 3; Transcriptional repressor that contribute to growth arrest during terminal macrophage differentiation by repressing target genes involved in Ras-dependent proliferation. Represses MMP1 promoter activity.
169	ENSG00000178573	9606.ENSP00000327048	MAF	Transcription factor Maf; Acts as a transcriptional activator or repressor. Involved in embryonic lens fiber cell development. Recruits the transcriptional coactivators CREBBP and/or EP300 to crystallin promoters leading to up- regulation of crystallin gene during lens fiber cell differentiation. Activates the expression of IL4 in T helper 2 (Th2) cells. Increases T- cell susceptibility to apoptosis by interacting with MYB and decreasing BCL2 expression. Together with PAX6, transactivates strongly the glucagon gene promoter through the G1 element. Activates transcription of the CD13 pr [...] 
170	ENSG00000164251	9606.ENSP00000296677	F2RL1	Proteinase-activated receptor 2, alternate cleaved 1; Receptor for trypsin and trypsin-like enzymes coupled to G proteins. Its function is mediated through the activation of several signaling pathways including phospholipase C (PLC), intracellular calcium, mitogen-activated protein kinase (MAPK), I-kappaB kinase/NF-kappaB and Rho. Can also be transactivated by cleaved F2R/PAR1. Involved in modulation of inflammatory responses and regulation of innate and adaptive immunity, and acts as a sensor for proteolytic enzymes generated during infection. Generally is promoting inflammation. Can  [...] 
171	ENSG00000185104	9606.ENSP00000379457	FAF1	FAS-associated factor 1; Ubiquitin-binding protein. Required for the progression of DNA replication forks by targeting DNA replication licensing factor CDT1 for degradation. Potentiates but cannot initiate FAS-induced apoptosis (By similarity).
172	ENSG00000176009	9606.ENSP00000435770	ASCL3	Achaete-scute homolog 3; Transcriptional repressor. Inhibits myogenesis (By similarity).
173	ENSG00000213996	9606.ENSP00000374014	TM6SF2	Transmembrane 6 superfamily member 2; Regulator of liver fat metabolism influencing triglyceride secretion and hepatic lipid droplet content. May function as sterol isomerase. Belongs to the TM6SF family.
174	ENSG00000164919	9606.ENSP00000429707	COX6C	Cytochrome c oxidase subunit 6C; Component of the cytochrome c oxidase, the last enzyme in the mitochondrial electron transport chain which drives oxidative phosphorylation. The respiratory chain contains 3 multisubunit complexes succinate dehydrogenase (complex II, CII), ubiquinol- cytochrome c oxidoreductase (cytochrome b-c1 complex, complex III, CIII) and cytochrome c oxidase (complex IV, CIV), that cooperate to transfer electrons derived from NADH and succinate to molecular oxygen, creating an electrochemical gradient over the inner membrane that drives transmembrane transport and  [...] 
175	ENSG00000177169	9606.ENSP00000324560	ULK1	Serine/threonine-protein kinase ULK1; Serine/threonine-protein kinase involved in autophagy in response to starvation. Acts upstream of phosphatidylinositol 3-kinase PIK3C3 to regulate the formation of autophagophores, the precursors of autophagosomes. Part of regulatory feedback loops in autophagy: acts both as a downstream effector and negative regulator of mammalian target of rapamycin complex 1 (mTORC1) via interaction with RPTOR. Activated via phosphorylation by AMPK and also acts as a regulator of AMPK by mediating phosphorylation of AMPK subunits PRKAA1, PRKAB2 and PRKAG1, leadi [...] 
176	ENSG00000187164	9606.ENSP00000347532	SHTN1	Shootin-1; Involved in the generation of internal asymmetric signals required for neuronal polarization and neurite outgrowth. Mediates netrin-1-induced F-actin-substrate coupling or 'clutch engagement' within the axon growth cone through activation of CDC42, RAC1 and PAK1- dependent signaling pathway, thereby converting the F-actin retrograde flow into traction forces, concomitantly with filopodium extension and axon outgrowth. Plays a role in cytoskeletal organization by regulating the subcellular localization of phosphoinositide 3-kinase (PI3K) activity at the axonal growth cone. Pl [...] 
177	ENSG00000169946	9606.ENSP00000384179	ZFPM2	Zinc finger protein ZFPM2; Transcription regulator that plays a central role in heart morphogenesis and development of coronary vessels from epicardium, by regulating genes that are essential during cardiogenesis. Essential cofactor that acts via the formation of a heterodimer with transcription factors of the GATA family GATA4, GATA5 and GATA6. Such heterodimer can both activate or repress transcriptional activity, depending on the cell and promoter context. Also required in gonadal differentiation, possibly be regulating expression of SRY. Probably acts a corepressor of NR2F2 (By sim [...] 
178	ENSG00000204392	9606.ENSP00000364813	LSM2	U6 snRNA-associated Sm-like protein LSm2; Plays role in pre-mRNA splicing as component of the U4/U6-U5 tri-snRNP complex that is involved in spliceosome assembly, and as component of the precatalytic spliceosome (spliceosome B complex). The heptameric LSM2-8 complex binds specifically to the 3'-terminal U-tract of U6 snRNA.
179	ENSG00000164096	9606.ENSP00000382026	C4orf3	Uncharacterized protein C4orf3; Chromosome 4 open reading frame 3.
180	ENSG00000163463	9606.ENSP00000295682	KRTCAP2	Keratinocyte-associated protein 2; Subunit of the oligosaccharyl transferase (OST) complex that catalyzes the initial transfer of a defined glycan (Glc(3)Man(9)GlcNAc(2) in eukaryotes) from the lipid carrier dolichol- pyrophosphate to an asparagine residue within an Asn-X-Ser/Thr consensus motif in nascent polypeptide chains, the first step in protein N-glycosylation. N-glycosylation occurs cotranslationally and the complex associates with the Sec61 complex at the channel-forming translocon complex that mediates protein translocation across the endoplasmic reticulum (ER). All subunits  [...] 
181	ENSG00000204438	9606.ENSP00000365071	GPANK1	G-patch domain and ankyrin repeats 1.
183	ENSG00000145685	9606.ENSP00000369702	LHFPL2	LHFPL tetraspan subfamily member 2 protein; Plays a role in female and male fertility. Involved in distal reproductive tract development.
184	ENSG00000261272	9606.ENSP00000455906	MUC22	Mucin-22; Mucin 22.
185	ENSG00000198286	9606.ENSP00000380150	CARD11	Caspase recruitment domain-containing protein 11; Involved in the costimulatory signal essential for T-cell receptor (TCR)-mediated T-cell activation. Its binding to DPP4 induces T-cell proliferation and NF-kappa-B activation in a T-cell receptor/CD3-dependent manner. Activates NF-kappa-B via BCL10 and IKK. Stimulates the phosphorylation of BCL10. Also activates the TORC1 signaling pathway.
186	ENSG00000188993	9606.ENSP00000341944	LRRC66	Leucine-rich repeat-containing protein 66; Leucine rich repeat containing 66.
187	ENSG00000205029	9606.ENSP00000367649	OR5D16	Olfactory receptor 5D16; Odorant receptor; Belongs to the G-protein coupled receptor 1 family.
188	ENSG00000111291	9606.ENSP00000228887	GPRC5D	G protein-coupled receptor class C group 5 member D; Belongs to the G-protein coupled receptor 3 family.
189	ENSG00000174444	9606.ENSP00000311430	RPL4	Ribosomal protein L4.
190	ENSG00000100665	9606.ENSP00000451172	SERPINA4	Kallistatin; Inhibits human amidolytic and kininogenase activities of tissue kallikrein. Inhibition is achieved by formation of an equimolar, heat- and SDS-stable complex between the inhibitor and the enzyme, and generation of a small C-terminal fragment of the inhibitor due to cleavage at the reactive site by tissue kallikrein. Belongs to the serpin family.
192	ENSG00000127928	9606.ENSP00000248572	GNGT1	Guanine nucleotide-binding protein G(T) subunit gamma-T1; Guanine nucleotide-binding proteins (G proteins) are involved as a modulator or transducer in various transmembrane signaling systems. The beta and gamma chains are required for the GTPase activity, for replacement of GDP by GTP, and for G protein-effector interaction.
193	ENSG00000123080	9606.ENSP00000262662	CDKN2C	Cyclin-dependent kinase 4 inhibitor C; Interacts strongly with CDK6, weakly with CDK4. Inhibits cell growth and proliferation with a correlated dependence on endogenous retinoblastoma protein RB; Belongs to the CDKN2 cyclin-dependent kinase inhibitor family.
194	ENSG00000203786	9606.ENSP00000475216	KPRP	Keratinocyte proline rich protein.
195	ENSG00000183876	9606.ENSP00000333395	ARSI	Arylsulfatase I; Displays arylsulfatase activity at neutral pH, when co- expressed with SUMF1; arylsulfatase activity is measured in the secretion medium of retinal cell line, but no activity is recorded when measured in cell extracts.
196	ENSG00000156875	9606.ENSP00000359171	MFSD14A	Hippocampus abundant transcript 1 protein; Major facilitator superfamily domain containing 14A.
197	ENSG00000256394	9606.ENSP00000442477	ASIC5	Acid-sensing ion channel 5; Cation channel that gives rise to very low constitutive currents in the absence of activation. The activated channel exhibits selectivity for sodium, and is inhibited by amiloride. Belongs to the amiloride-sensitive sodium channel (TC 1.A.6) family. ASIC5 subfamily.
198	ENSG00000108878	9606.ENSP00000226021	CACNG1	Voltage-dependent calcium channel gamma-1 subunit; Regulatory subunit of the voltage-gated calcium channel that gives rise to L-type calcium currents in skeletal muscle. Regulates channel inactivation kinetics; Belongs to the PMP-22/EMP/MP20 family. CACNG subfamily.
199	ENSG00000161203	9606.ENSP00000403362	AP2M1	AP-2 complex subunit mu; Component of the adaptor protein complex 2 (AP-2). Adaptor protein complexes function in protein transport via transport vesicles in different membrane traffic pathways. Adaptor protein complexes are vesicle coat components and appear to be involved in cargo selection and vesicle formation. AP-2 is involved in clathrin-dependent endocytosis in which cargo proteins are incorporated into vesicles surrounded by clathrin (clathrin-coated vesicles, CCVs) which are destined for fusion with the early endosome. The clathrin lattice serves as a mechanical scaffold but i [...] 
200	ENSG00000178031	9606.ENSP00000369921	ADAMTSL1	ADAMTS-like protein 1; ADAMTS like 1.
201	ENSG00000132958	9606.ENSP00000383089	TPTE2	Phosphatidylinositol 3,4,5-trisphosphate 3-phosphatase TPTE2; Acts as a lipid phosphatase, removing the phosphate in the D3 position of the inositol ring from phosphatidylinositol 3,4,5- trisphosphate.
202	ENSG00000204704	9606.ENSP00000366380	OR2W1	Olfactory receptor 2W1; Odorant receptor; Belongs to the G-protein coupled receptor 1 family.
203	ENSG00000144559	9606.ENSP00000398596	TAMM41	Phosphatidate cytidylyltransferase, mitochondrial; Catalyzes the formation of CDP-diacylglycerol (CDP-DAG) from phosphatidic acid (PA) in the mitochondrial inner membrane. Required for the biosynthesis of the dimeric phospholipid cardiolipin, which stabilizes supercomplexes of the mitochondrial respiratory chain in the mitochondrial inner membrane.
204	ENSG00000157349	9606.ENSP00000455813	DDX19B	ATP-dependent RNA helicase DDX19B; DEAD-box helicase 19B.
205	ENSG00000197702	9606.ENSP00000334008	PARVA	Alpha-parvin; Plays a role in sarcomere organization and in smooth muscle cell contraction. Required for normal development of the embryonic cardiovascular system, and for normal septation of the heart outflow tract. Plays a role in sprouting angiogenesis and is required for normal adhesion of vascular smooth muscle cells to endothelial cells during blood vessel development (By similarity). Plays a role in the reorganization of the actin cytoskeleton, formation of lamellipodia and ciliogenesis. Plays a role in the establishement of cell polarity, cell adhesion, cell spreading, and dire [...] 
207	ENSG00000116030	9606.ENSP00000376077	SUMO1	Small ubiquitin-related modifier 1; Ubiquitin-like protein that can be covalently attached to proteins as a monomer or a lysine-linked polymer. Covalent attachment via an isopeptide bond to its substrates requires prior activation by the E1 complex SAE1-SAE2 and linkage to the E2 enzyme UBE2I, and can be promoted by E3 ligases such as PIAS1-4, RANBP2 or CBX4. This post- translational modification on lysine residues of proteins plays a crucial role in a number of cellular processes such as nuclear transport, DNA replication and repair, mitosis and signal transduction. Involved for insta [...] 
208	ENSG00000135778	9606.ENSP00000355587	NTPCR	Cancer-related nucleoside-triphosphatase; Has nucleotide phosphatase activity towards ATP, GTP, CTP, TTP and UTP. Hydrolyzes nucleoside diphosphates with lower efficiency. Belongs to the THEP1 NTPase family.
209	ENSG00000145198	9606.ENSP00000398688	VWA5B2	Von Willebrand factor A domain containing 5B2.
210	ENSG00000176029	9606.ENSP00000318999	C11orf16	Uncharacterized protein C11orf16; Chromosome 11 open reading frame 16.
211	ENSG00000178093	9606.ENSP00000466477	TSSK6	Testis-specific serine/threonine-protein kinase 6; Required for sperm production and function. Plays a role in DNA condensation during postmeiotic chromatin remodeling (By similarity).
212	ENSG00000108061	9606.ENSP00000358464	SHOC2	Leucine-rich repeat protein SHOC-2; Regulatory subunit of protein phosphatase 1 (PP1c) that acts as a M-Ras/MRAS effector and participates in MAPK pathway activation. Upon M-Ras/MRAS activation, targets PP1c to specifically dephosphorylate the 'Ser-259' inhibitory site of RAF1 kinase and stimulate RAF1 activity at specialized signaling complexes.
213	ENSG00000160190	9606.ENSP00000344648	SLC37A1	Glucose-6-phosphate exchanger SLC37A1; Inorganic phosphate and glucose-6-phosphate antiporter. May transport cytoplasmic glucose-6-phosphate into the lumen of the endoplasmic reticulum and translocate inorganic phosphate into the opposite direction. Independent of a lumenal glucose-6-phosphatase. May not play a role in homeostatic regulation of blood glucose levels. Belongs to the major facilitator superfamily. Organophosphate:Pi antiporter (OPA) (TC 2.A.1.4) family.
214	ENSG00000174442	9606.ENSP00000311429	ZWILCH	Protein zwilch homolog; Essential component of the mitotic checkpoint, which prevents cells from prematurely exiting mitosis. Required for the assembly of the dynein-dynactin and MAD1-MAD2 complexes onto kinetochores. Its function related to the spindle assembly machinery is proposed to depend on its association in the mitotic RZZ complex. Belongs to the ZWILCH family.
215	ENSG00000154473	9606.ENSP00000357858	BUB3	Mitotic checkpoint protein BUB3; Has a dual function in spindle-assembly checkpoint signaling and in promoting the establishment of correct kinetochore-microtubule (K-MT) attachments. Promotes the formation of stable end-on bipolar attachments. Necessary for kinetochore localization of BUB1. Regulates chromosome segregation during oocyte meiosis. The BUB1/BUB3 complex plays a role in the inhibition of anaphase-promoting complex or cyclosome (APC/C) when spindle-assembly checkpoint is activated and inhibits the ubiquitin ligase activity of APC/C by phosphorylating its activator CDC20. T [...] 
216	ENSG00000170312	9606.ENSP00000378699	CDK1	Cyclin-dependent kinase 1; Plays a key role in the control of the eukaryotic cell cycle by modulating the centrosome cycle as well as mitotic onset; promotes G2-M transition, and regulates G1 progress and G1-S transition via association with multiple interphase cyclins. Required in higher cells for entry into S-phase and mitosis. Phosphorylates PARVA/actopaxin, APC, AMPH, APC, BARD1, Bcl-xL/BCL2L1, BRCA2, CALD1, CASP8, CDC7, CDC20, CDC25A, CDC25C, CC2D1A, CENPA, CSNK2 proteins/CKII, FZR1/CDH1, CDK7, CEBPB, CHAMP1, DMD/dystrophin, EEF1 proteins/EF-1, EZH2, KIF11/EG5, EGFR, FANCG, FOS, G [...] 
217	ENSG00000204540	9606.ENSP00000259881	PSORS1C1	Psoriasis susceptibility 1 candidate 1.
218	ENSG00000226124	9606.ENSP00000482786	FTCDNL1	Formiminotransferase cyclodeaminase N-terminal like.
219	ENSG00000188816	9606.ENSP00000341108	HMX2	Homeobox protein HMX2; Transcription factor involved in specification of neuronal cell types and which is required for inner ear and hypothalamus development; Belongs to the HMX homeobox family.
220	ENSG00000167748	9606.ENSP00000301420	KLK1	Kallikrein-1; Glandular kallikreins cleave Met-Lys and Arg-Ser bonds in kininogen to release Lys-bradykinin; Belongs to the peptidase S1 family. Kallikrein subfamily.
221	ENSG00000104907	9606.ENSP00000466967	TRMT1	tRNA (guanine(26)-N(2))-dimethyltransferase; Dimethylates a single guanine residue at position 26 of most tRNAs using S-adenosyl-L-methionine as donor of the methyl groups.
222	ENSG00000100271	9606.ENSP00000266254	TTLL1	Probable tubulin polyglutamylase TTLL1; Catalytic subunit of the neuronal tubulin polyglutamylase complex. Modifies alpha- and beta-tubulin, generating side chains of glutamate on the gamma-carboxyl groups of specific glutamate residues within the C-terminal tail of alpha- and beta-tubulin (By similarity).
223	ENSG00000152078	9606.ENSP00000359222	TLCD4	TLC domain containing 4.
224	ENSG00000118194	9606.ENSP00000499593	TNNT2	Troponin T, cardiac muscle; Troponin T is the tropomyosin-binding subunit of troponin, the thin filament regulatory complex which confers calcium-sensitivity to striated muscle actomyosin ATPase activity.
225	ENSG00000064933	9606.ENSP00000406490	PMS1	PMS1 protein homolog 1; Probably involved in the repair of mismatches in DNA.
226	ENSG00000180758	9606.ENSP00000366628	GPR157	G-protein coupled receptor 157; Orphan receptor that promotes neuronal differentiation of radial glial progenitors (RGPs). The activity of this receptor is mediated by a G(q)-protein that activates a phosphatidylinositol- calcium second messenger; Belongs to the G-protein coupled receptor 2 family.
227	ENSG00000101327	9606.ENSP00000440185	PDYN	Alpha-neoendorphin; Leu-enkephalins compete with and mimic the effects of opiate drugs. They play a role in a number of physiologic functions, including pain perception and responses to stress (By similarity). Leumorphin has a typical opiod activity and may have anti- apoptotic effect; Belongs to the opioid neuropeptide precursor family.
228	ENSG00000186638	9606.ENSP00000384433	KIF24	Kinesin-like protein KIF24; Microtubule-dependent motor protein that acts as a negative regulator of ciliogenesis by mediating recruitment of CCP110 to mother centriole in cycling cells, leading to restrict nucleation of cilia at centrioles. Mediates depolymerization of microtubules of centriolar origin, possibly to suppress aberrant cilia formation. Following activation by NEK2 involved in disassembly of primary cilium during G2/M phase but does not disassemble fully formed ciliary axonemes. As cilium assembly and disassembly is proposed to coexist in a dynamic equilibrium may suppres [...] 
229	ENSG00000166938	9606.ENSP00000321711	DIS3L	DIS3-like exonuclease 1; Putative cytoplasm-specific catalytic component of the RNA exosome complex which has 3'->5' exoribonuclease activity and participates in a multitude of cellular RNA processing and degradation events. In the cytoplasm, the RNA exosome complex is involved in general mRNA turnover and specifically degrades inherently unstable mRNAs containing AU-rich elements (AREs) within their 3' untranslated regions, and in RNA surveillance pathways, preventing translation of aberrant mRNAs. It seems to be involved in degradation of histone mRNA.
230	ENSG00000147905	9606.ENSP00000443113	ZCCHC7	Zinc finger CCHC-type containing 7.
231	ENSG00000075213	9606.ENSP00000265362	SEMA3A	Semaphorin-3A; Involved in the development of the olfactory system and in neuronal control of puberty. Induces the collapse and paralysis of neuronal growth cones. Could serve as a ligand that guides specific growth cones by a motility-inhibiting mechanism. Binds to the complex neuropilin-1/plexin-1; Belongs to the semaphorin family.
232	ENSG00000124900	9606.ENSP00000395086	TRIM51	Tripartite motif-containing 51.
233	ENSG00000102974	9606.ENSP00000494538	CTCF	Transcriptional repressor CTCF; Chromatin binding factor that binds to DNA sequence specific sites. Involved in transcriptional regulation by binding to chromatin insulators and preventing interaction between promoter and nearby enhancers and silencers. Acts as transcriptional repressor binding to promoters of vertebrate MYC gene and BAG1 gene. Also binds to the PLK and PIM1 promoters. Acts as a transcriptional activator of APP. Regulates APOA1/C3/A4/A5 gene cluster and controls MHC class II gene expression. Plays an essential role in oocyte and preimplantation embryo development by ac [...] 
234	ENSG00000197769	9606.ENSP00000349785	MAP1LC3C	Microtubule-associated proteins 1A/1B light chain 3C; Ubiquitin-like modifier that plays a crucial role in antibacterial autophagy (xenophagy) through the selective binding of CALCOCO2. Recruits all ATG8 family members to infecting bacteria such as S.Typhimurium. May also play a role in aggrephagy, the macroautophagic degradation of ubiquitinated and aggregated proteins.
235	ENSG00000182035	9606.ENSP00000440331	ADIG	Adipogenin; Plays a role in stimulating adipocyte differentiation and development; Belongs to the adipogenin family.
237	ENSG00000143178	9606.ENSP00000356795	TBX19	T-box transcription factor TBX19; Transcriptional regulator involved in developmental processes. Can activate POMC gene expression and repress the alpha glycoprotein subunit and thyroid-stimulating hormone beta promoters.
238	ENSG00000204427	9606.ENSP00000379282	ABHD16A	Phosphatidylserine lipase ABHD16A; Phosphatidylserine (PS) lipase that mediates the hydrolysis of phosphatidylserine to generate lysophosphatidylserine (LPS) (By similarity). LPS constitutes a class of signaling lipids that regulates immunological and neurological processes (By similarity). Has no activity towards diacylglycerol, triacylglycerol or lysophosphatidylserine lipase. Also has monoacylglycerol lipase activity, with preference for 1-(9Z,12Z- octadecadienoyl)-glycerol (1-LG) and 2-glyceryl-15-deoxy-Delta(12,14)- prostaglandin J2 (15d-PGJ(2)-G).
239	ENSG00000204421	9606.ENSP00000364978	LY6G6C	Lymphocyte antigen 6 family member G6C.
240	ENSG00000128699	9606.ENSP00000326869	ORMDL1	ORM1-like protein 1; Negative regulator of sphingolipid synthesis.
241	ENSG00000137177	9606.ENSP00000259711	KIF13A	Kinesin-like protein KIF13A; Plus end-directed microtubule-dependent motor protein involved in intracellular transport and regulating various processes such as mannose-6-phosphate receptor (M6PR) transport to the plasma membrane, endosomal sorting during melanosome biogenesis and cytokinesis. Mediates the transport of M6PR-containing vesicles from trans-Golgi network to the plasma membrane via direct interaction with the AP-1 complex. During melanosome maturation, required for delivering melanogenic enzymes from recycling endosomes to nascent melanosomes by creating peripheral recyclin [...] 
242	ENSG00000186226	9606.ENSP00000357759	LCE1E	Late cornified envelope protein 1E; Precursors of the cornified envelope of the stratum corneum.
243	ENSG00000122861	9606.ENSP00000361850	PLAU	Urokinase-type plasminogen activator short chain A; Specifically cleaves the zymogen plasminogen to form the active enzyme plasmin.
244	ENSG00000100711	9606.ENSP00000216602	ZFYVE21	Zinc finger FYVE domain-containing protein 21; Plays a role in cell adhesion, and thereby in cell motility which requires repeated formation and disassembly of focal adhesions. Regulates microtubule-induced PTK2/FAK1 dephosphorylation, an event important for focal adhesion disassembly, as well as integrin beta- 1/ITGB1 cell surface expression.
245	ENSG00000151687	9606.ENSP00000427882	ANKAR	Ankyrin and armadillo repeat containing.
246	ENSG00000083099	9606.ENSP00000430025	LYRM2	LYR motif containing 2.
247	ENSG00000029559	9606.ENSP00000226284	IBSP	Bone sialoprotein 2; Binds tightly to hydroxyapatite. Appears to form an integral part of the mineralized matrix. Probably important to cell-matrix interaction. Promotes Arg-Gly-Asp-dependent cell attachment.
248	ENSG00000180190	9606.ENSP00000430325	TDRP	Testis development-related protein; Contributes to normal sperm motility, but not essential for male fertility; Belongs to the TDRP family.
249	ENSG00000156876	9606.ENSP00000287482	SASS6	Spindle assembly abnormal protein 6 homolog; Central scaffolding component of the centrioles ensuring their 9-fold symmetry. Required for centrosome biogenesis and duplication: required both for mother-centriole-dependent centriole duplication and deuterosome-dependent centriole amplification in multiciliated cells. Overexpression results in excess foci-bearing centriolar markers. Required for the recruitment of STIL to the procentriole and for STIL-mediated centriole amplification.
250	ENSG00000164764	9606.ENSP00000297354	SBSPON	Somatomedin-B and thrombospondin type-1 domain-containing protein; Somatomedin B and thrombospondin type 1 domain containing; Belongs to the thrombospondin family.
251	ENSG00000169660	9606.ENSP00000337854	HEXD	Hexosaminidase D; Has hexosaminidase activity. Responsible for the cleavage of the monosaccharides N-acetylglucosamine (GlcNAc) and N- acetylgalactosamine (GalNAc) from cellular substrates. Has a preference for galactosaminide over glucosaminide substrates.
252	ENSG00000222047	9606.ENSP00000409225	C10orf55	Uncharacterized protein C10orf55; Chromosome 10 open reading frame 55.
253	ENSG00000164978	9606.ENSP00000368452	NUDT2	Bis(5'-nucleosyl)-tetraphosphatase [asymmetrical]; Asymmetrically hydrolyzes Ap4A to yield AMP and ATP. Plays a major role in maintaining homeostasis; Belongs to the Nudix hydrolase family.
254	ENSG00000125485	9606.ENSP00000361232	DDX31	Probable ATP-dependent RNA helicase DDX31; Probable ATP-dependent RNA helicase (By similarity). Plays a role in ribosome biogenesis and TP53/p53 regulation through its interaction with NPM1 ; Belongs to the DEAD box helicase family. DDX31/DBP7 subfamily.
255	ENSG00000113328	9606.ENSP00000344635	CCNG1	Cyclin-G1; May play a role in growth regulation. Is associated with G2/M phase arrest in response to DNA damage. May be an intermediate by which p53 mediates its role as an inhibitor of cellular proliferation (By similarity).
257	ENSG00000089060	9606.ENSP00000447091	SLC8B1	Mitochondrial sodium/calcium exchanger protein; Mitochondrial sodium/calcium antiporter that mediates sodium- dependent calcium efflux from mitochondrion, by mediating the exchange of 3 sodium ions per 1 calcium ion. Plays a central role in mitochondrial calcium homeostasis by mediating mitochondrial calcium extrusion: calcium efflux is essential for mitochondrial function and cell survival, notably in cardiomyocytes (By similarity). Regulates rates of glucose-dependent insulin secretion in pancreatic beta-cells during the first phase of insulin secretion: acts by mediating efflux of c [...] 
258	ENSG00000178921	9606.ENSP00000313490	PFAS	Phosphoribosylformylglycinamidine synthase; Phosphoribosylformylglycinamidine synthase involved in the purines biosynthetic pathway. Catalyzes the ATP-dependent conversion of formylglycinamide ribonucleotide (FGAR) and glutamine to yield formylglycinamidine ribonucleotide (FGAM) and glutamate (By similarity); In the N-terminal section; belongs to the FGAMS family.
259	ENSG00000128694	9606.ENSP00000264151	OSGEPL1	Probable tRNA N6-adenosine threonylcarbamoyltransferase, mitochondrial; Required for the formation of a threonylcarbamoyl group on adenosine at position 37 (t(6)A37) in mitochondrial tRNAs that read codons beginning with adenine. Probably involved in the transfer of the threonylcarbamoyl moiety of threonylcarbamoyl-AMP (TC-AMP) to the N6 group of A37. Involved in mitochondrial genome maintenance.
260	ENSG00000183495	9606.ENSP00000374212	EP400	E1A-binding protein p400; Component of the NuA4 histone acetyltransferase complex which is involved in transcriptional activation of select genes principally by acetylation of nucleosomal histones H4 and H2A. This modification may both alter nucleosome - DNA interactions and promote interaction of the modified histones with other proteins which positively regulate transcription. May be required for transcriptional activation of E2F1 and MYC target genes during cellular proliferation. The NuA4 complex ATPase and helicase activities seem to be, at least in part, contributed by the associ [...] 
261	ENSG00000163933	9606.ENSP00000296292	RFT1	Protein RFT1 homolog; May be involved in N-linked oligosaccharide assembly. May participate in the translocation of oligosaccharide from the cytoplasmic side to the lumenal side of the endoplasmic reticulum membrane.
262	ENSG00000198056	9606.ENSP00000350491	PRIM1	DNA primase small subunit; Catalytic subunit of the DNA primase complex and component of the DNA polymerase alpha complex (also known as the alpha DNA polymerase-primase complex) which play an essential role in the initiation of DNA synthesis. During the S phase of the cell cycle, the DNA polymerase alpha complex (composed of a catalytic subunit POLA1, an accessory subunit POLA2 and two primase subunits, the catalytic subunit PRIM1 and the regulatory subunit PRIM2) is recruited to DNA at the replicative forks via direct interactions with MCM10 and WDHD1 (By similarity). The primase sub [...] 
263	ENSG00000166575	9606.ENSP00000306344	TMEM135	Transmembrane protein 135; Involved in mitochondrial metabolism by regulating the balance between mitochondrial fusion and fission. May act as a regulator of mitochondrial fission that promotes DNM1L-dependent fission through activation of DNM1L. May be involved in peroxisome organization; Belongs to the TMEM135 family.
264	ENSG00000137960	9606.ENSP00000359795	GIPC2	PDZ domain-containing protein GIPC2; GIPC PDZ domain containing family member 2; Belongs to the GIPC family.
265	ENSG00000164949	9606.ENSP00000297596	GEM	GTP-binding protein GEM; Could be a regulatory protein, possibly participating in receptor-mediated signal transduction at the plasma membrane. Has guanine nucleotide-binding activity but undetectable intrinsic GTPase activity.
266	ENSG00000138381	9606.ENSP00000260952	ASNSD1	Asparagine synthetase domain containing 1.
267	ENSG00000167747	9606.ENSP00000375688	C19orf48	Uncharacterized protein C19orf48; Chromosome 19 open reading frame 48.
268	ENSG00000132879	9606.ENSP00000365959	FBXO44	cDNA FLJ50458, highly similar to Homo sapiens F-box protein 44 (FBXO44), transcript variant 3, mRNA; F-box protein 44.
269	ENSG00000184719	9606.ENSP00000332530	RNLS	Renalase; Catalyzes the oxidation of the less abundant 1,2-dihydro- beta-NAD(P) and 1,6-dihydro-beta-NAD(P) to form beta-NAD(P)(+). The enzyme hormone is secreted by the kidney, and circulates in blood and modulates cardiac function and systemic blood pressure. Lowers blood pressure in vivo by decreasing cardiac contractility and heart rate and preventing a compensatory increase in peripheral vascular tone, suggesting a causal link to the increased plasma catecholamine and heightened cardiovascular risk. High concentrations of catecholamines activate plasma renalase and promotes its se [...] 
270	ENSG00000146143	9606.ENSP00000484105	PRIM2	DNA primase large subunit; Regulatory subunit of the DNA primase complex and component of the DNA polymerase alpha complex (also known as the alpha DNA polymerase-primase complex) which play an essential role in the initiation of DNA synthesis. During the S phase of the cell cycle, the DNA polymerase alpha complex (composed of a catalytic subunit POLA1, an accessory subunit POLA2 and two primase subunits, the catalytic subunit PRIM1 and the regulatory subunit PRIM2) is recruited to DNA at the replicative forks via direct interactions with MCM10 and WDHD1 (By similarity). The primase su [...] 
271	ENSG00000235942	9606.ENSP00000411070	LCE6A	Late cornified envelope protein 6A; Precursors of the cornified envelope of the stratum corneum. Belongs to the LCE family.
272	ENSG00000138735	9606.ENSP00000347046	PDE5A	cGMP-specific 3',5'-cyclic phosphodiesterase; Plays a role in signal transduction by regulating the intracellular concentration of cyclic nucleotides. This phosphodiesterase catalyzes the specific hydrolysis of cGMP to 5'-GMP. Specifically regulates nitric-oxide- generated cGMP.
273	ENSG00000100220	9606.ENSP00000216038	RTCB	RNA-splicing ligase RtcB homolog; Catalytic subunit of the tRNA-splicing ligase complex that acts by directly joining spliced tRNA halves to mature-sized tRNAs by incorporating the precursor-derived splice junction phosphate into the mature tRNA as a canonical 3',5'-phosphodiester. May act as an RNA ligase with broad substrate specificity, and may function toward other RNAs.
274	ENSG00000072195	9606.ENSP00000311684	SPEG	Striated muscle preferentially expressed protein kinase; Isoform 3 may have a role in regulating the growth and differentiation of arterial smooth muscle cells; Belongs to the protein kinase superfamily. CAMK Ser/Thr protein kinase family.
275	ENSG00000126215	9606.ENSP00000451974	XRCC3	DNA repair protein XRCC3; Involved in the homologous recombination repair (HRR) pathway of double-stranded DNA, thought to repair chromosomal fragmentation, translocations and deletions. Part of the RAD21 paralog protein complex CX3 which acts in the BRCA1-BRCA2-dependent HR pathway. Upon DNA damage, CX3 acts downstream of RAD51 recruitment; the complex binds predominantly to the intersection of the four duplex arms of the Holliday junction (HJ) and to junctions of replication forks. Involved in HJ resolution and thus in processing HR intermediates late in the DNA repair process; the f [...] 
276	ENSG00000131845	9606.ENSP00000401642	ZNF304	Zinc finger protein 304; Acts as transcriptional regulator and plays a role in gene silencing. Probably forms a corepressor complex required for activated KRAS-mediated promoter hypermethylation and transcriptional silencing of several tumor suppressor genes (TSGs) or other tumor-related genes in colorectal cancer (CRC) cells. Also required to maintain a transcriptionally repressive state of genes in undifferentiated embryonic stem cells (ESCs) by inducing trimethylation of 'Lys-27' of histone H3 (H3K27me3)  in a Polycomb group (PcG) complexes-dependent manner. Associates at promoter r [...] 
277	ENSG00000148942	9606.ENSP00000379326	SLC5A12	Sodium-coupled monocarboxylate transporter 2; Acts as an electroneutral and low-affinity sodium (Na(+))- dependent sodium-coupled solute transporter. Catalyzes the transport across the plasma membrane of many monocarboxylates such as lactate, pyruvate, nicotinate, propionate, butyrate and beta-D-hydroxybutyrate. May be responsible for the first step of reabsorption of monocarboxylates from the lumen of the proximal tubule of the kidney and the small intestine. May play also a role in monocarboxylates transport in the retina (By similarity). Mediates electroneutral uptake of lactate, wi [...] 
278	ENSG00000187239	9606.ENSP00000413625	FNBP1	Formin-binding protein 1; May act as a link between RND2 signaling and regulation of the actin cytoskeleton (By similarity). Required to coordinate membrane tubulation with reorganization of the actin cytoskeleton during the late stage of clathrin-mediated endocytosis. Binds to lipids such as phosphatidylinositol 4,5-bisphosphate and phosphatidylserine and promotes membrane invagination and the formation of tubules. Also enhances actin polymerization via the recruitment of WASL/N-WASP, which in turn activates the Arp2/3 complex. Actin polymerization may promote the fission of membrane  [...] 
279	ENSG00000164197	9606.ENSP00000373752	RNF180	E3 ubiquitin-protein ligase RNF180; E3 ubiquitin-protein ligase which promotes polyubiquitination and degradation by the proteasome pathway of ZIC2.
280	ENSG00000189367	9606.ENSP00000435150	KIAA0408	Uncharacterized protein KIAA0408; KIAA0408.
281	ENSG00000271092	9606.ENSP00000475025	TLCD4-RWDD3	TLCD4-RWDD3 readthrough.
283	ENSG00000100580	9606.ENSP00000216468	TMED8	Protein TMED8; Transmembrane p24 trafficking protein family member 8.
284	ENSG00000132872	9606.ENSP00000255224	SYT4	Synaptotagmin-4; Synaptotagmin family member which does not bind Ca(2+)  (By similarity). Involved in neuronal dense core vesicles (DCVs) mobility through its interaction with KIF1A. Upon increased neuronal activity, phosphorylation by MAPK8/JNK1 destabilizes the interaction with KIF1A and captures DCVs to synapses (By similarity). Plays a role in dendrite formation by melanocytes.
285	ENSG00000118729	9606.ENSP00000261448	CASQ2	Calsequestrin-2; Calsequestrin is a high-capacity, moderate affinity, calcium- binding protein and thus acts as an internal calcium store in muscle. Calcium ions are bound by clusters of acidic residues at the protein surface, especially at the interface between subunits. Can bind around 60 Ca(2+) ions. Regulates the release of lumenal Ca(2+) via the calcium release channel RYR2; this plays an important role in triggering muscle contraction. Plays a role in excitation-contraction coupling in the heart and in regulating the rate of heart beats.
286	ENSG00000164175	9606.ENSP00000296589	SLC45A2	Membrane-associated transporter protein; Melanocyte differentiation antigen. May transport substances required for melanin biosynthesis (By similarity); Belongs to the glycoside-pentoside-hexuronide (GPH) cation symporter transporter (TC 2.A.2) family.
287	ENSG00000135299	9606.ENSP00000345767	ANKRD6	Ankyrin repeat domain-containing protein 6; Recruits CKI-epsilon to the beta-catenin degradation complex that consists of AXN1 or AXN2 and GSK3-beta and allows efficient phosphorylation of beta-catenin, thereby inhibiting beta-catenin/Tcf signals.
288	ENSG00000187612	9606.ENSP00000342448	OR5W2	Olfactory receptor 5W2; Odorant receptor; Belongs to the G-protein coupled receptor 1 family.
289	ENSG00000163832	9606.ENSP00000296149	ELP6	Elongator complex protein 6; Component of the RNA polymerase II elongator complex, a multiprotein complex associated with the RNA polymerase II (Pol II) holoenzyme, and which is involved in transcriptional elongation. The elongator complex catalyzes formation of carboxymethyluridine in the wobble base at position 34 in tRNAs. Involved in cell migration (By similarity). Belongs to the ELP6 family.
290	ENSG00000025039	9606.ENSP00000358423	RRAGD	Ras-related GTP-binding protein D; Guanine nucleotide-binding protein forming heterodimeric Rag complexes required for the amino acid-induced relocalization of mTORC1 to the lysosomes and its subsequent activation by the GTPase RHEB. This is a crucial step in the activation of the TOR signaling cascade by amino acids.
291	ENSG00000180083	9606.ENSP00000348968	WFDC11	Protein WFDC11; WAP four-disulfide core domain 11.
292	ENSG00000130477	9606.ENSP00000429562	UNC13A	Protein unc-13 homolog A; Plays a role in vesicle maturation during exocytosis as a target of the diacylglycerol second messenger pathway. Involved in neurotransmitter release by acting in synaptic vesicle priming prior to vesicle fusion and participates in the activity-dependent refilling of readily releasable vesicle pool (RRP). Essential for synaptic vesicle maturation in most excitatory/glutamatergic but not inhibitory/GABA- mediated synapses. Facilitates neuronal dense core vesicles fusion as well as controls the location and efficiency of their synaptic release (By similarity). A [...] 
293	ENSG00000182931	9606.ENSP00000337466	WFDC10B	Protein WFDC10B; WAP four-disulfide core domain 10B.
295	ENSG00000167202	9606.ENSP00000300584	TBC1D2B	TBC1 domain family member 2B; May act as a GTPase-activating protein.
296	ENSG00000118420	9606.ENSP00000358762	UBE3D	E3 ubiquitin-protein ligase E3D; E3 ubiquitin-protein ligase which accepts ubiquitin from specific E2 ubiquitin-conjugating enzymes, and transfers it to substrates, generally promoting their degradation by the proteasome.
297	ENSG00000109061	9606.ENSP00000226207	MYH1	Myosin-1; Muscle contraction; Belongs to the TRAFAC class myosin-kinesin ATPase superfamily. Myosin family.
298	ENSG00000136754	9606.ENSP00000365312	ABI1	Abl interactor 1; May act in negative regulation of cell growth and transformation by interacting with nonreceptor tyrosine kinases ABL1 and/or ABL2. May play a role in regulation of EGF-induced Erk pathway activation. Involved in cytoskeletal reorganization and EGFR signaling. Together with EPS8 participates in transduction of signals from Ras to Rac. In vitro, a trimeric complex of ABI1, EPS8 and SOS1 exhibits Rac specific guanine nucleotide exchange factor (GEF) activity and ABI1 seems to act as an adapter in the complex. Regulates ABL1/c-Abl- mediated phosphorylation of ENAH. Recru [...] 
